


INSERT INTO TraitModifiers (TraitType, ModifierId)
VALUES
('TRAIT_CIVILIZATION_SIQI_C0007', 'MODIFIER_SIQI_C0007_ADJUST_PLOT_YIELD'); -- 矿山+1信仰

INSERT INTO Modifiers(ModifierId, ModifierType, SubjectRequirementSetId)
VALUES
('MODIFIER_SIQI_C0007_ADJUST_PLOT_YIELD', 'MODIFIER_PLAYER_ADJUST_PLOT_YIELD', 'SIQI_0007_HAS_IMPROVEMENT_MINE');

INSERT INTO ModifierArguments (ModifierId, Name, Value)
VALUES
('MODIFIER_SIQI_C0007_ADJUST_PLOT_YIELD', 'Amount', '1'),
('MODIFIER_SIQI_C0007_ADJUST_PLOT_YIELD', 'YieldType', 'YIELD_FAITH');


-- 条件集

INSERT INTO RequirementSets (RequirementSetId, RequirementSetType)
VALUES
('SIQI_0007_HAS_IMPROVEMENT_MINE', 'REQUIREMENTSET_TEST_ANY');

INSERT INTO RequirementSetRequirements (RequirementSetId, RequirementId)
VALUES
('SIQI_0007_HAS_IMPROVEMENT_MINE', 'REQ_SIQI_0007_HAS_IMPROVEMENT_MINE'),
('SIQI_0007_HAS_IMPROVEMENT_MINE', 'REQ_SIQI_0007_HAS_IMPROVEMENT_FISHING_BOATS');


-- 子条件的定义

INSERT INTO Requirements (RequirementId, RequirementType)
VALUES
('REQ_SIQI_0007_HAS_IMPROVEMENT_MINE', 'REQUIREMENT_PLOT_IMPROVEMENT_TYPE_MATCHES'),
('REQ_SIQI_0007_HAS_IMPROVEMENT_FISHING_BOATS', 'REQUIREMENT_PLOT_IMPROVEMENT_TYPE_MATCHES');

INSERT INTO RequirementArguments (RequirementId, Name, Value)
VALUES
('REQ_SIQI_0007_HAS_IMPROVEMENT_MINE', 'ImprovementType', 'IMPROVEMENT_MINE'),
('REQ_SIQI_0007_HAS_IMPROVEMENT_FISHING_BOATS', 'ImprovementType', 'IMPROVEMENT_FISHING_BOATS');

INSERT INTO DistrictModifiers (DistrictType, ModifierId)
VALUES
('DISTRICT_SIQI_D0007', 'MODIFIER_SIQI_C0007_ADJUST_DISTRICT_PRODUCTION'), -- 圣地+50%生产力
('DISTRICT_SIQI_D0007', 'MODIFIER_SIQI_D0007_YIELD_CHANGE');

INSERT INTO Modifiers(ModifierId, ModifierType)
VALUES
('MODIFIER_SIQI_C0007_ADJUST_DISTRICT_PRODUCTION', 'MODIFIER_SIQI_0007_CITY_ADJUST_DISTRICT_PRODUCTION');

INSERT INTO ModifierArguments (ModifierId, Name, Value)
VALUES
('MODIFIER_SIQI_C0007_ADJUST_DISTRICT_PRODUCTION', 'Amount', '40'),
('MODIFIER_SIQI_C0007_ADJUST_DISTRICT_PRODUCTION', 'DistrictType', 'DISTRICT_HOLY_SITE');

INSERT INTO Modifiers(ModifierId, ModifierType, SubjectRequirementSetId)
VALUES
('MODIFIER_SIQI_D0007_YIELD_CHANGE', 'MODIFIER_SIQI_D0007_DISTRICTS_ADJUST_YIELD_CHANGE', 'DISTRICT_IS_HOLY_SITE');

INSERT INTO ModifierArguments (ModifierId, Name, Value)
VALUES
('MODIFIER_SIQI_D0007_YIELD_CHANGE', 'Amount', '1'),
('MODIFIER_SIQI_D0007_YIELD_CHANGE', 'YieldType', 'YIELD_PRODUCTION');


-- 自定义 ModifierType

INSERT INTO Types (Type, Kind)
VALUES
('MODIFIER_SIQI_0007_CITY_ADJUST_DISTRICT_PRODUCTION', 'KIND_MODIFIER');

INSERT INTO DynamicModifiers (ModifierType, EffectType, CollectionType)
VALUES
('MODIFIER_SIQI_0007_CITY_ADJUST_DISTRICT_PRODUCTION', 'EFFECT_ADJUST_DISTRICT_PRODUCTION', 'COLLECTION_OWNER_CITY');

-- 自定义 ModifierType

INSERT INTO Types (Type, Kind)
VALUES
('MODIFIER_SIQI_D0007_DISTRICTS_ADJUST_YIELD_CHANGE', 'KIND_MODIFIER');

INSERT INTO DynamicModifiers (ModifierType, EffectType, CollectionType)
VALUES
('MODIFIER_SIQI_D0007_DISTRICTS_ADJUST_YIELD_CHANGE', 'EFFECT_ADJUST_DISTRICT_YIELD_CHANGE', 'COLLECTION_CITY_DISTRICTS');

-- INSERT INTO TraitModifiers (TraitType, ModifierId)
-- VALUES
-- ('TRAIT_LEADER_SIQI_L0007', 'MODIFIER_SIQI_L0007_ENABLE_BUILDING_FAITH_PURCHASE'); -- 港口建筑可以用信仰购买

-- INSERT INTO Modifiers(ModifierId, ModifierType)
-- VALUES
-- ('MODIFIER_SIQI_L0007_ENABLE_BUILDING_FAITH_PURCHASE', 'MODIFIER_PLAYER_CITIES_ENABLE_BUILDING_FAITH_PURCHASE');

-- INSERT INTO ModifierArguments (ModifierId, Name, Value)
-- VALUES
-- ('MODIFIER_SIQI_L0007_ENABLE_BUILDING_FAITH_PURCHASE', 'DistrictType', 'DISTRICT_HARBOR');


INSERT INTO TraitModifiers (TraitType, ModifierId)
VALUES
('TRAIT_LEADER_SIQI_L0007', 'MODIFIER_SIQI_L0007_ENABLE_UNIT_FAITH_PURCHASE'), --  飞行单位可以用信仰购买
('TRAIT_LEADER_SIQI_L0007', 'MODIFIER_SIQI_L0007_ENABLE_UNIT_FAITH_PURCHASE2'), --  飞行单位可以用信仰购买
('TRAIT_LEADER_SIQI_L0007', 'MODIFIER_SIQI_L0007_ENABLE_UNIT_FAITH_PURCHASE3'), -- 商人单位可以用信仰购买
('TRAIT_LEADER_SIQI_L0007', 'MODIFIER_SIQI_L0007_ENABLE_UNIT_FAITH_PURCHASE4'), --  工人单位可以用信仰购买
('TRAIT_CIVILIZATION_SIQI_C0007', 'MODIFIER_SIQI_L0007_ENABLE_UNIT_FAITH_PURCHASE5'), --  自爆船可以用信仰购买
('TRAIT_CIVILIZATION_SIQI_C0007', 'MODIFIER_SIQI_C0007_UNIT_PURCHASE_COST'),
('TRAIT_CIVILIZATION_SIQI_C0007', 'MODIFIER_SIQI_C0007_UNIT_PURCHASE_COST2');

INSERT INTO Modifiers(ModifierId, ModifierType, SubjectRequirementSetId)
VALUES
('MODIFIER_SIQI_L0007_ENABLE_UNIT_FAITH_PURCHASE', 'MODIFIER_PLAYER_CITIES_ENABLE_UNIT_FAITH_PURCHASE', NULL),
('MODIFIER_SIQI_L0007_ENABLE_UNIT_FAITH_PURCHASE2', 'MODIFIER_PLAYER_CITIES_ENABLE_UNIT_FAITH_PURCHASE', NULL),
('MODIFIER_SIQI_L0007_ENABLE_UNIT_FAITH_PURCHASE3', 'MODIFIER_PLAYER_CITIES_ENABLE_UNIT_FAITH_PURCHASE', NULL),
('MODIFIER_SIQI_L0007_ENABLE_UNIT_FAITH_PURCHASE4', 'MODIFIER_PLAYER_CITIES_ENABLE_UNIT_FAITH_PURCHASE', 'SIQI_0007_HAS_BUILDING_MONUMENT');

INSERT INTO Modifiers(ModifierId, ModifierType, RunOnce, Permanent, OwnerRequirementSetId, SubjectRequirementSetId)
VALUES
('MODIFIER_SIQI_L0007_ENABLE_UNIT_FAITH_PURCHASE5', 'MODIFIER_PLAYER_CITIES_ENABLE_UNIT_FAITH_PURCHASE', 0, 0, NULL, NULL),
('MODIFIER_SIQI_C0007_UNIT_PURCHASE_COST', 'MODIFIER_PLAYER_CITIES_ADJUST_UNIT_PURCHASE_COST', 1, 1, 'SIQI_0007_HAS_CIVIC_REFORMED_CHURCH', NULL),
('MODIFIER_SIQI_C0007_UNIT_PURCHASE_COST2', 'MODIFIER_PLAYER_CITIES_ADJUST_UNIT_PURCHASE_COST', 0, 0, NULL, NULL);

INSERT INTO ModifierArguments (ModifierId, Name, Value)
VALUES
('MODIFIER_SIQI_L0007_ENABLE_UNIT_FAITH_PURCHASE', 'Tag', 'CLASS_AIR_FIGHTER'),
('MODIFIER_SIQI_L0007_ENABLE_UNIT_FAITH_PURCHASE2', 'Tag', 'CLASS_AIR_BOMBER'),
('MODIFIER_SIQI_L0007_ENABLE_UNIT_FAITH_PURCHASE3', 'Tag', 'CLASS_TRADER'),
('MODIFIER_SIQI_L0007_ENABLE_UNIT_FAITH_PURCHASE4', 'Tag', 'CLASS_BUILDER'),
('MODIFIER_SIQI_L0007_ENABLE_UNIT_FAITH_PURCHASE5', 'Tag', 'CLASS_SIQI_U0007_2'),
('MODIFIER_SIQI_C0007_UNIT_PURCHASE_COST', 'Amount', '5'),
('MODIFIER_SIQI_C0007_UNIT_PURCHASE_COST', 'UnitType', 'UNIT_SIQI_U0007_2'),
('MODIFIER_SIQI_C0007_UNIT_PURCHASE_COST2', 'Amount', '20'),
('MODIFIER_SIQI_C0007_UNIT_PURCHASE_COST2', 'UnitType', 'UNIT_SIQI_U0007_2'); -- 自爆船


INSERT INTO DistrictModifiers (DistrictType, ModifierId)
VALUES
('DISTRICT_AERODROME', 'MODIFIER_SIQI_L0007_GRANT_UNIT_IN_CAPITAL');

INSERT INTO Modifiers(ModifierId, ModifierType, RunOnce, Permanent, OwnerRequirementSetId, SubjectRequirementSetId, SubjectStackLimit)
VALUES
('MODIFIER_SIQI_L0007_GRANT_UNIT_IN_CAPITAL', 'MODIFIER_PLAYER_GRANT_UNIT_IN_CAPITAL', 1, 1, 'SIQI_0007_IS_LEADER_SIQI_L0007', NULL,1);

-- INSERT INTO TraitModifiers (TraitType, ModifierId)
-- VALUES
-- ('TRAIT_LEADER_SIQI_L0007', 'MODIFIER_SIQI_L0007_GRANT_UNIT_IN_CAPITAL');

-- INSERT INTO Modifiers(ModifierId, ModifierType, RunOnce, Permanent, OwnerRequirementSetId, SubjectRequirementSetId, SubjectStackLimit)
-- VALUES
-- ('MODIFIER_SIQI_L0007_GRANT_UNIT_IN_CAPITAL', 'MODIFIER_PLAYER_GRANT_UNIT_IN_CAPITAL', 1, 1, NULL, 'SIQI_0007_HAS_DISTRICT_AERODROME',1);

INSERT INTO ModifierArguments (ModifierId, Name, Value)
VALUES
('MODIFIER_SIQI_L0007_GRANT_UNIT_IN_CAPITAL', 'UniqueOverride', 1),
('MODIFIER_SIQI_L0007_GRANT_UNIT_IN_CAPITAL', 'Amount', '1'),
('MODIFIER_SIQI_L0007_GRANT_UNIT_IN_CAPITAL', 'UnitType', 'UNIT_BIPLANE');

INSERT INTO TraitModifiers (TraitType, ModifierId)
VALUES
('TRAIT_LEADER_SIQI_L0007', 'MODIFIER_SIQI_L0007_ADJUST_FREE_RESOURCE_EXTRACTION');

INSERT INTO Modifiers(ModifierId, ModifierType, RunOnce, Permanent, SubjectRequirementSetId)
VALUES
('MODIFIER_SIQI_L0007_ADJUST_FREE_RESOURCE_EXTRACTION', 'MODIFIER_PLAYER_ADJUST_FREE_RESOURCE_EXTRACTION', 1, 1, 'SIQI_0007_HAS_DISTRICT_AERODROME');

INSERT INTO ModifierArguments (ModifierId, Name, Value)
VALUES
('MODIFIER_SIQI_L0007_ADJUST_FREE_RESOURCE_EXTRACTION', 'ResourceType', 'RESOURCE_OIL'),
('MODIFIER_SIQI_L0007_ADJUST_FREE_RESOURCE_EXTRACTION', 'Amount', '1');


-- INSERT INTO TraitModifiers (TraitType, ModifierId)
-- VALUES
-- ('TRAIT_LEADER_SIQI_L0007', 'MODIFIER_SIQI_C0007_CITY_YIELD_CHANGE');

-- INSERT INTO Modifiers(ModifierId, ModifierType, RunOnce, Permanent, OwnerRequirementSetId, SubjectRequirementSetId)
-- VALUES
-- ('MODIFIER_SIQI_C0007_CITY_YIELD_CHANGE', 'MODIFIER_PLAYER_CITIES_ADJUST_CITY_YIELD_CHANGE', 1, 1, 'SIQI_0007_HAS_CIVIC_REFORMED_CHURCH', 'SIQI_0007_HAS_DISTRICT_HOLY_SITE');

-- INSERT INTO ModifierArguments (ModifierId, Name, Value)
-- VALUES
-- ('MODIFIER_SIQI_C0007_CITY_YIELD_CHANGE', 'Amount', '2'),
-- ('MODIFIER_SIQI_C0007_CITY_YIELD_CHANGE', 'YieldType', 'YIELD_PRODUCTION');


INSERT INTO BeliefModifiers (BeliefType, ModifierId)
SELECT BeliefType, 'MODIFIER_SIQI_L0007_ATTACH_MODIFIER' FROM Beliefs WHERE BeliefClassType = 'BELIEF_CLASS_FOLLOWER';

INSERT INTO Modifiers(ModifierId, ModifierType, RunOnce, Permanent, NewOnly, SubjectRequirementSetId)
VALUES
('MODIFIER_SIQI_L0007_ATTACH_MODIFIER', 'MODIFIER_ALL_PLAYERS_ATTACH_MODIFIER', 1, 1, 0, 'PLAYER_FOUNDED_RELIGION_REQUIREMENTS');

INSERT INTO Modifiers(ModifierId, ModifierType, RunOnce, Permanent, NewOnly, OwnerRequirementSetId)
VALUES
('MODIFIER_SIQI_L0007_UNITS_GRANT_ABILITY', 'MODIFIER_PLAYER_UNITS_GRANT_ABILITY',    0,    1,    0, 'SIQI_0007_IS_LEADER_SIQI_L0007');

INSERT INTO ModifierArguments (ModifierId, Name, Value)
VALUES
('MODIFIER_SIQI_L0007_ATTACH_MODIFIER', 'ModifierId', 'MODIFIER_SIQI_L0007_UNITS_GRANT_ABILITY'),
('MODIFIER_SIQI_L0007_UNITS_GRANT_ABILITY', 'AbilityType', 'ABILITY_SIQI_LEADER_0007');


-- 单位能力的定义
INSERT INTO Types           (Type, Kind)                          VALUES ('ABILITY_SIQI_LEADER_0007', 'KIND_ABILITY');  
INSERT INTO TypeTags        (Type, Tag)                           VALUES ('ABILITY_SIQI_LEADER_0007', 'CLASS_NAVAL_MELEE');
INSERT INTO TypeTags        (Type, Tag)                           VALUES ('ABILITY_SIQI_LEADER_0007', 'CLASS_NAVAL_RANGED');
INSERT INTO TypeTags        (Type, Tag)                           VALUES ('ABILITY_SIQI_LEADER_0007', 'CLASS_NAVAL_RAIDER');
INSERT INTO TypeTags        (Type, Tag)                           VALUES ('ABILITY_SIQI_LEADER_0007', 'CLASS_NAVAL_CARRIER');
INSERT INTO UnitAbilities   (UnitAbilityType, Description, Inactive,Permanent) VALUES ('ABILITY_SIQI_LEADER_0007', 'LOC_ABILITY_SIQI_LEADER_0007_DES', 1,1);


INSERT INTO UnitAbilityModifiers (UnitAbilityType, ModifierId) VALUES
('ABILITY_SIQI_LEADER_0007',    'MODIFIER_SIQI_LEADER_0007_ABILITY');

INSERT INTO Modifiers (ModifierId, ModifierType, RunOnce, Permanent, NewOnly, OwnerRequirementSetId, SubjectRequirementSetId) VALUES
('MODIFIER_SIQI_LEADER_0007_ABILITY',    'MODIFIER_UNIT_ADJUST_COMBAT_STRENGTH',    0,    0,    0,    NULL,    NULL); 

INSERT INTO ModifierArguments (ModifierId, Name, Value) VALUES
('MODIFIER_SIQI_LEADER_0007_ABILITY',   'Amount',    '1');

INSERT INTO ModifierStrings (ModifierId, Context, Text) VALUES
('MODIFIER_SIQI_LEADER_0007_ABILITY', 'Preview', 'LOC_ABILITY_SIQI_LEADER_0007_REVIEW_COMBAT'); -- 战斗预览文本

INSERT INTO BuildingModifiers (BuildingType, ModifierId)
VALUES
('BUILDING_TEMPLE', 'MODIFIER_SIQI_D0007_YIELD_CHANGE_TECHNOLOGY_BOOST');

INSERT INTO Modifiers(ModifierId, ModifierType, OwnerRequirementSetId)
VALUES
('MODIFIER_SIQI_D0007_YIELD_CHANGE_TECHNOLOGY_BOOST', 'MODIFIER_PLAYER_GRANT_RANDOM_TECHNOLOGY_BOOST_GOODY_HUT', 'SIQI_0007_IS_LEADER_SIQI_L0007');

INSERT INTO ModifierArguments (ModifierId, Name, Value)
VALUES
('MODIFIER_SIQI_D0007_YIELD_CHANGE_TECHNOLOGY_BOOST', 'Amount', '1');


-- 条件集

INSERT INTO RequirementSets (RequirementSetId, RequirementSetType)
VALUES
('SIQI_0007_HAS_CIVIC_REFORMED_CHURCH', 'REQUIREMENTSET_TEST_ALL');

INSERT INTO RequirementSetRequirements (RequirementSetId, RequirementId)
VALUES
('SIQI_0007_HAS_CIVIC_REFORMED_CHURCH', 'REQ_SIQI_0007_HAS_CIVIC_REFORMED_CHURCH');


-- 子条件的定义

INSERT INTO Requirements (RequirementId, RequirementType)
VALUES
('REQ_SIQI_0007_HAS_CIVIC_REFORMED_CHURCH', 'REQUIREMENT_PLAYER_HAS_CIVIC');

INSERT INTO RequirementArguments (RequirementId, Name, Value)
VALUES
('REQ_SIQI_0007_HAS_CIVIC_REFORMED_CHURCH', 'CivicType', 'CIVIC_REFORMED_CHURCH');

-- 条件集

INSERT INTO RequirementSets (RequirementSetId, RequirementSetType)
VALUES
('SIQI_0007_HAS_DISTRICT_HOLY_SITE', 'REQUIREMENTSET_TEST_ALL');

INSERT INTO RequirementSetRequirements (RequirementSetId, RequirementId)
VALUES
('SIQI_0007_HAS_DISTRICT_HOLY_SITE', 'REQ_SIQI_0007_HAS_DISTRICT_HOLY_SITE');


-- 子条件的定义

INSERT INTO Requirements (RequirementId, RequirementType)
VALUES
('REQ_SIQI_0007_HAS_DISTRICT_HOLY_SITE', 'REQUIREMENT_CITY_HAS_DISTRICT');

INSERT INTO RequirementArguments (RequirementId, Name, Value)
VALUES
('REQ_SIQI_0007_HAS_DISTRICT_HOLY_SITE', 'DistrictType', 'DISTRICT_HOLY_SITE');


-- 条件集

INSERT INTO RequirementSets (RequirementSetId, RequirementSetType)
VALUES
('SIQI_0007_HAS_DISTRICT_AERODROME', 'REQUIREMENTSET_TEST_ALL');

INSERT INTO RequirementSetRequirements (RequirementSetId, RequirementId)
VALUES
('SIQI_0007_HAS_DISTRICT_AERODROME', 'REQ_SIQI_0007_HAS_DISTRICT_AERODROME');


-- 子条件的定义

INSERT INTO Requirements (RequirementId, RequirementType)
VALUES
('REQ_SIQI_0007_HAS_DISTRICT_AERODROME', 'REQUIREMENT_PLAYER_HAS_DISTRICT');

INSERT INTO RequirementArguments (RequirementId, Name, Value)
VALUES
('REQ_SIQI_0007_HAS_DISTRICT_AERODROME', 'DistrictType', 'DISTRICT_AERODROME');



-- 条件集

INSERT INTO RequirementSets (RequirementSetId, RequirementSetType)
VALUES
('SIQI_0007_IS_LEADER_SIQI_L0007', 'REQUIREMENTSET_TEST_ALL');

INSERT INTO RequirementSetRequirements (RequirementSetId, RequirementId)
VALUES
('SIQI_0007_IS_LEADER_SIQI_L0007', 'REQ_SIQI_0007_IS_LEADER_SIQI_L0007');


-- 子条件的定义

INSERT INTO Requirements (RequirementId, RequirementType)
VALUES
('REQ_SIQI_0007_IS_LEADER_SIQI_L0007', 'REQUIREMENT_PLAYER_LEADER_TYPE_MATCHES');

INSERT INTO RequirementArguments (RequirementId, Name, Value)
VALUES
('REQ_SIQI_0007_IS_LEADER_SIQI_L0007', 'LeaderType', 'LEADER_SIQI_L0007');



-- 条件集

INSERT INTO RequirementSets (RequirementSetId, RequirementSetType)
VALUES
('SIQI_0007_HAS_BUILDING_MONUMENT', 'REQUIREMENTSET_TEST_ALL');

INSERT INTO RequirementSetRequirements (RequirementSetId, RequirementId)
VALUES
('SIQI_0007_HAS_BUILDING_MONUMENT', 'REQ_SIQI_0007_HAS_BUILDING_MONUMENT');


-- 子条件的定义

INSERT INTO Requirements (RequirementId, RequirementType)
VALUES
('REQ_SIQI_0007_HAS_BUILDING_MONUMENT', 'REQUIREMENT_CITY_HAS_BUILDING');

INSERT INTO RequirementArguments (RequirementId, Name, Value)
VALUES
('REQ_SIQI_0007_HAS_BUILDING_MONUMENT', 'BuildingType', 'BUILDING_MONUMENT');