--	FILE: Civilization_NWEAST_Leader.sql
--  VERSION: 1
--  Author: Nwflower
--  Spicial Thanks: Uni
--	Copyright (c) 2025.
--	All rights reserved.
--  DateCreated: 2025/9/12 11:48:27
--======================================================================
--  作者： 千川白浪
--  特别鸣谢： 优妮
--======================================================================

INSERT INTO Types (Type, Kind)
Values ('LEADER_PLA', 'KIND_LEADER'),
       ('TRAIT_LEADER_CULTUREEXPAND', 'KIND_TRAIT'),
       ('TRAIT_LEADER_CULTUREEXPAND2', 'KIND_TRAIT'),
       ('TRAIT_LEADER_CULTUREEXPAND3', 'KIND_TRAIT'),
       ('TRAIT_LEADER_CULTUREEXPAND4', 'KIND_TRAIT'),
       ('TRAIT_LEADER_CULTUREEXPAND5', 'KIND_TRAIT'),
       ('TRAIT_LEADER_CULTUREEXPAND6', 'KIND_TRAIT');

INSERT INTO Leaders (LeaderType, Name, InheritFrom, Sex, SceneLayers)
Values ('LEADER_PLA', 'LOC_LEADER_PLA_NAME', 'LEADER_DEFAULT', 'Male', 4);

INSERT INTO LeaderQuotes (LeaderType, Quote)
VALUES ('LEADER_PLA', 'LOC_LEADER_PLA_QUOTE');

INSERT INTO LoadingInfo(LeaderType, ForegroundImage, BackgroundImage, PlayDawnOfManAudio, LeaderText)
VALUES ('LEADER_PLA', 'LEADER_PLA_NEUTRAL', 'LEADER_VICTORIA_ALT_BACKGROUND', 1,
        'LOC_LOADING_INFO_LEADER_PLA');

INSERT INTO DiplomacyInfo (Type, BackgroundImage)
VALUES ('LEADER_PLA', 'LEADER_PLA_BACKGROUND');

INSERT INTO Traits (TraitType, Name, Description)
VALUES ('TRAIT_LEADER_CULTUREEXPAND', 'LOC_TRAIT_LEADER_PLA_CULTUREEXPAND_NAME',
        'LOC_TRAIT_LEADER_PLA_CULTUREEXPAND_DESCRIPTION'),
    ('TRAIT_LEADER_CULTUREEXPAND2', 'LOC_TRAIT_LEADER_PLA_CULTUREEXPAND2_NAME',
        'LOC_TRAIT_LEADER_PLA_CULTUREEXPAND2_DESCRIPTION'),
    ('TRAIT_LEADER_CULTUREEXPAND3', 'LOC_TRAIT_LEADER_PLA_CULTUREEXPAND3_NAME',
        'LOC_TRAIT_LEADER_PLA_CULTUREEXPAND3_DESCRIPTION'),
    ('TRAIT_LEADER_CULTUREEXPAND4', 'LOC_TRAIT_LEADER_PLA_CULTUREEXPAND4_NAME',
        'LOC_TRAIT_LEADER_PLA_CULTUREEXPAND4_DESCRIPTION'),
    ('TRAIT_LEADER_CULTUREEXPAND5', 'LOC_TRAIT_LEADER_PLA_CULTUREEXPAND5_NAME',
        'LOC_TRAIT_LEADER_PLA_CULTUREEXPAND5_DESCRIPTION'),
    ('TRAIT_LEADER_CULTUREEXPAND6', 'LOC_TRAIT_LEADER_PLA_CULTUREEXPAND6_NAME',
        'LOC_TRAIT_LEADER_PLA_CULTUREEXPAND6_DESCRIPTION');

INSERT INTO LeaderTraits (LeaderType, TraitType)
VALUES ('LEADER_PLA', 'TRAIT_LEADER_CULTUREEXPAND'),
       ('LEADER_PLA', 'TRAIT_LEADER_CULTUREEXPAND2'),
       ('LEADER_PLA', 'TRAIT_LEADER_CULTUREEXPAND3'),
       ('LEADER_PLA', 'TRAIT_LEADER_CULTUREEXPAND4'),
       ('LEADER_PLA', 'TRAIT_LEADER_CULTUREEXPAND5'),
       ('LEADER_PLA', 'TRAIT_LEADER_CULTUREEXPAND6');