--  FILE: Civilization_NWEAST_Modifier.sql
--  VERSION: 1
--  Author: Nwflower
--  Spicial Thanks: Uni
--  Copyright (c) 2025.
--      All rights reserved.
--  DateCreated: 2025/9/12 11:48:27

--============================================================
-- Lua Support
--============================================================
CREATE TABLE IF NOT EXISTS Nwflower_MOD_Traits(
TraitType TEXT NOT NULL,
PRIMARY KEY (TraitType),
FOREIGN KEY (TraitType) REFERENCES Traits (TraitType) ON DELETE CASCADE ON UPDATE CASCADE
);

INSERT OR IGNORE INTO Nwflower_MOD_Traits(TraitType) VALUES
('TRAIT_CIVILIZATION_NWEAST_SUPERBUILD'),
('TRAIT_LEADER_CULTUREEXPAND');

INSERT OR IGNORE INTO TraitModifiers(TraitType,ModifierId)SELECT
TraitType,				'MODFEAT_TRAIT_PROPERTY_'||TraitType
FROM Nwflower_MOD_Traits;

INSERT OR IGNORE INTO Modifiers(ModifierId,ModifierType)SELECT
'MODFEAT_TRAIT_PROPERTY_'||TraitType,			'MODIFIER_PLAYER_ADJUST_PROPERTY'
FROM Nwflower_MOD_Traits;

INSERT OR IGNORE INTO ModifierArguments(ModifierId,Name,Value)SELECT
'MODFEAT_TRAIT_PROPERTY_'||TraitType,			'Key',	'PROPERTY_'||TraitType
FROM Nwflower_MOD_Traits UNION SELECT
'MODFEAT_TRAIT_PROPERTY_'||TraitType,			'Amount',						1
FROM Nwflower_MOD_Traits;


-- TRAIT_LEADER_CULTUREEXPAND
-- 建造区域、建筑和奇观时+50%[ICON_Production]生产力。

INSERT INTO TraitModifiers (TraitType, ModifierId) VALUES
('TRAIT_LEADER_CULTUREEXPAND', 'MODIFIER_TRAIT_LEADER_CULTUREEXPAND_DIS_PROD');
INSERT INTO Modifiers (ModifierId, ModifierType, RunOnce, Permanent, NewOnly, OwnerRequirementSetId, SubjectRequirementSetId) VALUES
('MODIFIER_TRAIT_LEADER_CULTUREEXPAND_DIS_PROD', 'MODIFIER_PLAYER_CITIES_ADJUST_DISTRICT_PRODUCTION_MODIFIER', 0, 0, 0, NULL, NULL);
INSERT INTO ModifierArguments (ModifierId, Name, Value) VALUES
('MODIFIER_TRAIT_LEADER_CULTUREEXPAND_DIS_PROD', 'Amount', '50');

INSERT INTO TraitModifiers (TraitType, ModifierId) VALUES
('TRAIT_LEADER_CULTUREEXPAND', 'MODIFIER_TRAIT_LEADER_CULTUREEXPAND_BUILDING_PRODUCTION_MODIFIER');
INSERT INTO Modifiers (ModifierId, ModifierType, RunOnce, Permanent, NewOnly, OwnerRequirementSetId, SubjectRequirementSetId) VALUES
('MODIFIER_TRAIT_LEADER_CULTUREEXPAND_BUILDING_PRODUCTION_MODIFIER', 'MODIFIER_PLAYER_CITIES_ADJUST_BUILDING_PRODUCTION_MODIFIER', 0, 0, 0, NULL, NULL);
INSERT INTO ModifierArguments (ModifierId, Name, Value) VALUES
('MODIFIER_TRAIT_LEADER_CULTUREEXPAND_BUILDING_PRODUCTION_MODIFIER', 'Amount', '50'),
('MODIFIER_TRAIT_LEADER_CULTUREEXPAND_BUILDING_PRODUCTION_MODIFIER', 'IsWonder', '0');

INSERT INTO TraitModifiers (TraitType, ModifierId) VALUES
('TRAIT_LEADER_CULTUREEXPAND', 'MODIFIER_TRAIT_LEADER_CULTUREEXPAND_WONDER_PRODUCTION_MODIFIER');
INSERT INTO Modifiers (ModifierId, ModifierType, RunOnce, Permanent, NewOnly, OwnerRequirementSetId, SubjectRequirementSetId) VALUES
('MODIFIER_TRAIT_LEADER_CULTUREEXPAND_WONDER_PRODUCTION_MODIFIER', 'MODIFIER_PLAYER_CITIES_ADJUST_BUILDING_PRODUCTION_MODIFIER', 0, 0, 0, NULL, NULL);
INSERT INTO ModifierArguments (ModifierId, Name, Value) VALUES
('MODIFIER_TRAIT_LEADER_CULTUREEXPAND_WONDER_PRODUCTION_MODIFIER', 'Amount', '50'),
('MODIFIER_TRAIT_LEADER_CULTUREEXPAND_WONDER_PRODUCTION_MODIFIER', 'IsWonder', '1');

-- TRAIT_LEADER_CULTUREEXPAND2
-- 建造奇观时，可消耗建造者次数来加速奇观原始建造进程的25%。
-- 建造者会获得1个额外次数。
-- 生产建造者时额外获得一个建造者。
INSERT INTO TraitModifiers (TraitType, ModifierId) VALUES
('TRAIT_LEADER_CULTUREEXPAND2', 'MODIFIER_TRAIT_LEADER_CULTUREEXPAND2_25');
INSERT INTO Modifiers (ModifierId, ModifierType, RunOnce, Permanent, NewOnly, OwnerRequirementSetId, SubjectRequirementSetId) VALUES
('MODIFIER_TRAIT_LEADER_CULTUREEXPAND2_25', 'MODIFIER_PLAYER_ADJUST_UNIT_WONDER_PERCENT', 0, 0, 0, NULL, NULL);
INSERT INTO ModifierArguments (ModifierId, Name, Value) VALUES
('MODIFIER_TRAIT_LEADER_CULTUREEXPAND2_25', 'Amount', '25');

UPDATE UnitCommands SET MaxEra = 9 WHERE CommandType = 'UNITCOMMAND_WONDER_PRODUCTION';


INSERT INTO TraitModifiers (TraitType, ModifierId) VALUES
('TRAIT_LEADER_CULTUREEXPAND2', 'TRAIT_ADJUST_BUILDER_CHARGES');


INSERT INTO TraitModifiers (TraitType, ModifierId) VALUES
('TRAIT_LEADER_CULTUREEXPAND2', 'TRAIT_LEADER_CULTUREEXPAND2_DOUBLE_BUILDER');
INSERT INTO Modifiers (ModifierId, ModifierType, RunOnce, Permanent, NewOnly, OwnerRequirementSetId, SubjectRequirementSetId) VALUES
('TRAIT_LEADER_CULTUREEXPAND2_DOUBLE_BUILDER', 'MODIFIER_PLAYER_UNITS_ADJUST_EXTRA_UNIT_COPY', 0, 0, 0, NULL, NULL);
INSERT INTO ModifierArguments (ModifierId, Name, Value) VALUES
('TRAIT_LEADER_CULTUREEXPAND2_DOUBLE_BUILDER', 'Amount', '1'),
('TRAIT_LEADER_CULTUREEXPAND2_DOUBLE_BUILDER', 'UnitType', 'UNIT_BUILDER');

-- 城市发展速率+50%。每个公民提供+1 [ICON_FOOD] 食物、+1 [ICON_PRODUCTION] 生产力、+1 [ICON_SCIENCE] 科技值、+1 [ICON_Culture] 文化值和+1 [ICON_Gold] 金币。
INSERT INTO TraitModifiers (TraitType, ModifierId) VALUES
('TRAIT_LEADER_CULTUREEXPAND3', 'TRAIT_LEADER_CULTUREEXPAND3_ADJUST_CITY_GROWTH');
INSERT INTO Modifiers (ModifierId, ModifierType, RunOnce, Permanent, NewOnly, OwnerRequirementSetId, SubjectRequirementSetId) VALUES
('TRAIT_LEADER_CULTUREEXPAND3_ADJUST_CITY_GROWTH', 'MODIFIER_PLAYER_CITIES_ADJUST_CITY_GROWTH', 0, 0, 0, NULL, NULL);
INSERT INTO ModifierArguments (ModifierId, Name, Value) VALUES
('TRAIT_LEADER_CULTUREEXPAND3_ADJUST_CITY_GROWTH', 'Amount', '50');


INSERT INTO TraitModifiers (TraitType, ModifierId) SELECT
'TRAIT_LEADER_CULTUREEXPAND3', 'TRAIT_LEADER_CULTUREEXPAND3_'||YieldType
FROM Yields WHERE YieldType IS NOT 'YIELD_FAITH';
INSERT INTO Modifiers (ModifierId, ModifierType) SELECT
'TRAIT_LEADER_CULTUREEXPAND3_'||YieldType, 'MODIFIER_PLAYER_CITIES_ADJUST_CITY_YIELD_PER_POPULATION'
FROM Yields WHERE YieldType IS NOT 'YIELD_FAITH';
INSERT INTO ModifierArguments (ModifierId, Name, Value) SELECT
'TRAIT_LEADER_CULTUREEXPAND3_'||YieldType, 'Amount', '1'
FROM Yields WHERE YieldType IS NOT 'YIELD_FAITH' UNION SELECT
'TRAIT_LEADER_CULTUREEXPAND3_'||YieldType, 'YieldType', YieldType
FROM Yields WHERE YieldType IS NOT 'YIELD_FAITH';

-- 母亲河 “扶壁”科技后，泛滥平原+3生产力。
INSERT INTO TraitModifiers (TraitType, ModifierId) VALUES
('TRAIT_LEADER_CULTUREEXPAND4', 'TRAIT_LEADER_CULTUREEXPAND4_FLOOD');
INSERT INTO Modifiers (ModifierId, ModifierType, RunOnce, Permanent, NewOnly, OwnerRequirementSetId, SubjectRequirementSetId) VALUES
('TRAIT_LEADER_CULTUREEXPAND4_FLOOD', 'MODIFIER_PLAYER_ADJUST_PLOT_YIELD', 0, 0, 0, 'OWNERS_TRAIT_LEADER_CULTUREEXPAND4_FLOOD', 'SRS_TRAIT_LEADER_CULTUREEXPAND4_FLOOD');
INSERT INTO ModifierArguments (ModifierId, Name, Value) VALUES
('TRAIT_LEADER_CULTUREEXPAND4_FLOOD', 'Amount', '3'),
('TRAIT_LEADER_CULTUREEXPAND4_FLOOD', 'YieldType', 'YIELD_PRODUCTION');

-- RequirementSets
INSERT INTO RequirementSets (RequirementSetId, RequirementSetType) VALUES
('OWNERS_TRAIT_LEADER_CULTUREEXPAND4_FLOOD', 'REQUIREMENTSET_TEST_ALL'),
('SRS_TRAIT_LEADER_CULTUREEXPAND4_FLOOD', 'REQUIREMENTSET_TEST_ALL');
INSERT INTO RequirementSetRequirements (RequirementSetId, RequirementId) VALUES
('OWNERS_TRAIT_LEADER_CULTUREEXPAND4_FLOOD', 'REQ_TRAIT_LEADER_CULTUREEXPAND4_FLOOD'),
('SRS_TRAIT_LEADER_CULTUREEXPAND4_FLOOD', 'SREQ_TRAIT_LEADER_CULTUREEXPAND4_FLOOD');

-- Requirements
INSERT INTO Requirements (RequirementId, RequirementType) VALUES
('REQ_TRAIT_LEADER_CULTUREEXPAND4_FLOOD', 'REQUIREMENT_PLAYER_HAS_TECHNOLOGY'),
('SREQ_TRAIT_LEADER_CULTUREEXPAND4_FLOOD', 'REQUIREMENT_PLOT_FEATURE_TAG_MATCHES');
INSERT INTO RequirementArguments (RequirementId, Name, Value) VALUES
('REQ_TRAIT_LEADER_CULTUREEXPAND4_FLOOD', 'TechnologyType', 'TECH_BUTTRESS'),
('SREQ_TRAIT_LEADER_CULTUREEXPAND4_FLOOD', 'Tag', 'CLASS_FLOODPLAINS');

-- UPDATE RequirementArguments SET Value = 'TECH_SQUARE_SAIL_HD' WHERE RequirementId = 'REQ_TRAIT_LEADER_CULTUREEXPAND4_FLOOD' AND Name = 'TechnologyType' AND EXISTS(SELECT TechnologyType FROM Technologies WHERE TechnologyType = 'TECH_SQUARE_SAIL_HD');

-- 新生产的陆地军事单位组成军队，并获得一个额外的相同单位。消灭敌方单位后回复50生命值。所有陆地军事单位+20战斗力+2移动力，远程单位+1射程。
INSERT INTO TraitModifiers (TraitType, ModifierId) SELECT
'TRAIT_LEADER_CULTUREEXPAND5', 'TRAIT_LEADER_CULTUREEXPAND5_COPY_'||Units.UnitType
FROM Units WHERE FormationClass IS 'FORMATION_CLASS_LAND_COMBAT';
INSERT INTO Modifiers (ModifierId, ModifierType) SELECT
'TRAIT_LEADER_CULTUREEXPAND5_COPY_'||Units.UnitType, 'MODIFIER_PLAYER_UNITS_ADJUST_EXTRA_UNIT_COPY'
FROM Units WHERE FormationClass IS 'FORMATION_CLASS_LAND_COMBAT';
INSERT INTO ModifierArguments (ModifierId, Name, Value) SELECT
'TRAIT_LEADER_CULTUREEXPAND5_COPY_'||Units.UnitType, 'Amount', '1'
FROM Units WHERE FormationClass IS 'FORMATION_CLASS_LAND_COMBAT' UNION SELECT
'TRAIT_LEADER_CULTUREEXPAND5_COPY_'||Units.UnitType, 'UnitType', UnitType
FROM Units WHERE FormationClass IS 'FORMATION_CLASS_LAND_COMBAT';


INSERT INTO TraitModifiers (TraitType, ModifierId) VALUES
('TRAIT_LEADER_CULTUREEXPAND5', 'TRAIT_LEADER_CULTUREEXPAND5_HEAL_FROM_COMBAT');
INSERT INTO Modifiers (ModifierId, ModifierType, RunOnce, Permanent, NewOnly, OwnerRequirementSetId, SubjectRequirementSetId) VALUES
('TRAIT_LEADER_CULTUREEXPAND5_HEAL_FROM_COMBAT', 'MODIFIER_PLAYER_UNITS_ADJUST_HEAL_FROM_COMBAT', 0, 0, 0, NULL, NULL);
INSERT INTO ModifierArguments (ModifierId, Name, Value) VALUES
('TRAIT_LEADER_CULTUREEXPAND5_HEAL_FROM_COMBAT', 'Amount', '50');


INSERT INTO TraitModifiers (TraitType, ModifierId) VALUES
('TRAIT_LEADER_CULTUREEXPAND5', 'TRAIT_LEADER_CULTUREEXPAND5_COMBAT_STRENGTH');
INSERT INTO Modifiers (ModifierId, ModifierType, RunOnce, Permanent, NewOnly, OwnerRequirementSetId, SubjectRequirementSetId) VALUES
('TRAIT_LEADER_CULTUREEXPAND5_COMBAT_STRENGTH', 'MODIFIER_PLAYER_UNITS_ADJUST_COMBAT_STRENGTH', 0, 0, 0, NULL, NULL);
INSERT INTO ModifierArguments (ModifierId, Name, Value) VALUES
('TRAIT_LEADER_CULTUREEXPAND5_COMBAT_STRENGTH', 'Amount', '20');
INSERT INTO ModifierStrings(ModifierId, Context, Text) VALUES
('TRAIT_LEADER_CULTUREEXPAND5_COMBAT_STRENGTH', 'Preview', 'LOC_TRAIT_LEADER_CULTUREEXPAND5_COMBAT_STRENGTH');


INSERT INTO TraitModifiers (TraitType, ModifierId) VALUES
('TRAIT_LEADER_CULTUREEXPAND5', 'TRAIT_LEADER_CULTUREEXPAND5_MOVEMENT');
INSERT INTO Modifiers (ModifierId, ModifierType, RunOnce, Permanent, NewOnly, OwnerRequirementSetId, SubjectRequirementSetId) VALUES
('TRAIT_LEADER_CULTUREEXPAND5_MOVEMENT', 'MODIFIER_PLAYER_UNITS_ADJUST_MOVEMENT', 0, 0, 0, NULL, NULL);
INSERT INTO ModifierArguments (ModifierId, Name, Value) VALUES
('TRAIT_LEADER_CULTUREEXPAND5_MOVEMENT', 'Amount', '2');

INSERT INTO TraitModifiers (TraitType, ModifierId) VALUES
('TRAIT_LEADER_CULTUREEXPAND5', 'TRAIT_LEADER_CULTUREEXPAND5_ATTACK_RANGE');
INSERT INTO Modifiers (ModifierId, ModifierType, RunOnce, Permanent, NewOnly, OwnerRequirementSetId, SubjectRequirementSetId) VALUES
('TRAIT_LEADER_CULTUREEXPAND5_ATTACK_RANGE', 'MODIFIER_PLAYER_UNITS_ADJUST_ATTACK_RANGE', 0, 0, 0, NULL, NULL);
INSERT INTO ModifierArguments (ModifierId, Name, Value) VALUES
('TRAIT_LEADER_CULTUREEXPAND5_ATTACK_RANGE', 'Amount', '1');

INSERT INTO TraitModifiers (TraitType, ModifierId) VALUES
('TRAIT_LEADER_CULTUREEXPAND5', 'TRAIT_LEADER_CULTUREEXPAND5_MILITARY_FORMATION');


INSERT INTO TraitModifiers (TraitType, ModifierId) VALUES
('TRAIT_LEADER_CULTUREEXPAND5', 'MODIFIER_TRAIT_LEADER_CULTUREEXPAND5_UATTACH');
INSERT INTO Modifiers (ModifierId, ModifierType, SubjectRequirementSetId) VALUES
('MODIFIER_TRAIT_LEADER_CULTUREEXPAND5_UATTACH', 'MODIFIER_NW_NEW_PLAYER_UNIT_EFFECT_ATTACH_MODIFIER', 'REQSET_MODIFIER_TRAIT_LEADER_CULTUREEXPAND5_UATTACH');
INSERT INTO ModifierArguments (ModifierId, Name, Value) VALUES
('MODIFIER_TRAIT_LEADER_CULTUREEXPAND5_UATTACH', 'ModifierId', 'TRAIT_LEADER_CULTUREEXPAND5_MILITARY_FORMATION');

INSERT INTO Modifiers (ModifierId, ModifierType, RunOnce, Permanent, NewOnly, OwnerRequirementSetId, SubjectRequirementSetId) VALUES
('TRAIT_LEADER_CULTUREEXPAND5_MILITARY_FORMATION', 'MODIFIER_PLAYER_UNIT_ADJUST_MILITARY_FORMATION', 0, 0, 0, NULL, NULL);
INSERT INTO ModifierArguments (ModifierId, Name, Value) VALUES
('TRAIT_LEADER_CULTUREEXPAND5_MILITARY_FORMATION', 'MilitaryFormationType', 'ARMY_MILITARY_FORMATION');


-- -- Custom ModifierType
INSERT INTO Types (Type, Kind) VALUES
('MODIFIER_NW_NEW_PLAYER_UNIT_EFFECT_ATTACH_MODIFIER', 'KIND_MODIFIER');
INSERT INTO DynamicModifiers (ModifierType, CollectionType, EffectType) VALUES
('MODIFIER_NW_NEW_PLAYER_UNIT_EFFECT_ATTACH_MODIFIER', 'COLLECTION_PLAYER_TRAINED_UNITS', 'EFFECT_ATTACH_MODIFIER');

-- RequirementSets
INSERT INTO RequirementSets (RequirementSetId, RequirementSetType) VALUES
('REQSET_MODIFIER_TRAIT_LEADER_CULTUREEXPAND5_UATTACH', 'REQUIREMENTSET_TEST_ANY');
INSERT INTO RequirementSetRequirements (RequirementSetId, RequirementId) SELECT
'REQSET_MODIFIER_TRAIT_LEADER_CULTUREEXPAND5_UATTACH', 'REQ_MODIFIER_TRAIT_LEADER_CULTUREEXPAND5_UATTACH1'||UnitType
FROM Units WHERE FormationClass IS 'FORMATION_CLASS_LAND_COMBAT';
-- Requirements
INSERT INTO Requirements (RequirementId, RequirementType) SELECT
'REQ_MODIFIER_TRAIT_LEADER_CULTUREEXPAND5_UATTACH1'||UnitType, 'REQUIREMENT_UNIT_TYPE_MATCHES'
FROM Units WHERE FormationClass IS 'FORMATION_CLASS_LAND_COMBAT';
INSERT INTO RequirementArguments (RequirementId, Name, Value) SELECT
'REQ_MODIFIER_TRAIT_LEADER_CULTUREEXPAND5_UATTACH1'||UnitType, 'UnitType', UnitType
FROM Units WHERE FormationClass IS 'FORMATION_CLASS_LAND_COMBAT';

-- 军事单位位于长城单元格时+5战斗力。仅对人类玩家生效。
INSERT INTO TraitModifiers (TraitType, ModifierId) VALUES
('TRAIT_LEADER_CULTUREEXPAND6', 'TRAIT_LEADER_CULTUREEXPAND6_ADJUST_COMBAT_STRENGTH');
INSERT INTO Modifiers (ModifierId, ModifierType, RunOnce, Permanent, NewOnly, OwnerRequirementSetId, SubjectRequirementSetId) VALUES
('TRAIT_LEADER_CULTUREEXPAND6_ADJUST_COMBAT_STRENGTH', 'MODIFIER_PLAYER_UNITS_ADJUST_COMBAT_STRENGTH', 0, 0, 0, 'PLAYER_IS_HUMAN', 'REQS_TRAIT_LEADER_CULTUREEXPAND6_ADJUST_COMBAT_STRENGTH');
INSERT INTO ModifierArguments (ModifierId, Name, Value) VALUES
('TRAIT_LEADER_CULTUREEXPAND6_ADJUST_COMBAT_STRENGTH', 'Amount', '5');
INSERT INTO ModifierStrings(ModifierId, Context, Text) VALUES
('TRAIT_LEADER_CULTUREEXPAND6_ADJUST_COMBAT_STRENGTH', 'Preview', 'LOC_TRAIT_LEADER_CULTUREEXPAND6_ADJUST_COMBAT_STRENGTH');
-- RequirementSets
INSERT INTO RequirementSets (RequirementSetId, RequirementSetType) VALUES
('REQS_TRAIT_LEADER_CULTUREEXPAND6_ADJUST_COMBAT_STRENGTH', 'REQUIREMENTSET_TEST_ALL');
INSERT INTO RequirementSetRequirements (RequirementSetId, RequirementId) VALUES
('REQS_TRAIT_LEADER_CULTUREEXPAND6_ADJUST_COMBAT_STRENGTH', 'REQ_TRAIT_LEADER_CULTUREEXPAND6_ADJUST_COMBAT_STRENGTH');
-- Requirements
INSERT INTO Requirements (RequirementId, RequirementType) VALUES
('REQ_TRAIT_LEADER_CULTUREEXPAND6_ADJUST_COMBAT_STRENGTH', 'REQUIREMENT_PLOT_IMPROVEMENT_TYPE_MATCHES');
INSERT INTO RequirementArguments (RequirementId, Name, Value) VALUES
('REQ_TRAIT_LEADER_CULTUREEXPAND6_ADJUST_COMBAT_STRENGTH', 'ImprovementType', 'IMPROVEMENT_GREAT_WALL');


-- 奇观+4 [ICON_Culture] 文化值。城市获得一个额外的市中心建筑（远古时代是纪念碑）。
INSERT INTO TraitModifiers (TraitType, ModifierId) VALUES
('TRAIT_CIVILIZATION_NWEAST_SUPERBUILD', 'TRAIT_CIVILIZATION_NWEAST_SUPERBUILD_WONDER_YIELD');
INSERT INTO Modifiers (ModifierId, ModifierType, RunOnce, Permanent, NewOnly, OwnerRequirementSetId, SubjectRequirementSetId) VALUES
('TRAIT_CIVILIZATION_NWEAST_SUPERBUILD_WONDER_YIELD', 'MODIFIER_NW_PLAYER_CITYS_ADJUST_WONDER_YIELD_CHANGE', 0, 0, 0, NULL, NULL);
INSERT INTO ModifierArguments (ModifierId, Name, Value) VALUES
('TRAIT_CIVILIZATION_NWEAST_SUPERBUILD_WONDER_YIELD', 'Amount', '4'),
('TRAIT_CIVILIZATION_NWEAST_SUPERBUILD_WONDER_YIELD', 'YieldType', 'YIELD_CULTURE');

-- Custom ModifierType
INSERT INTO Types (Type, Kind) VALUES
('MODIFIER_NW_PLAYER_CITYS_ADJUST_WONDER_YIELD_CHANGE', 'KIND_MODIFIER');
INSERT INTO DynamicModifiers (ModifierType, CollectionType, EffectType) VALUES
('MODIFIER_NW_PLAYER_CITYS_ADJUST_WONDER_YIELD_CHANGE', 'COLLECTION_PLAYER_CITIES', 'EFFECT_ADJUST_WONDER_YIELD_CHANGE');

INSERT INTO TraitModifiers (TraitType, ModifierId) VALUES
('TRAIT_CIVILIZATION_NWEAST_SUPERBUILD', 'TRAIT_CIVILIZATION_NWEAST_SUPERBUILD2_EXTRA_BUILDING');
INSERT INTO Modifiers (ModifierId, ModifierType, RunOnce, Permanent, NewOnly, OwnerRequirementSetId, SubjectRequirementSetId) VALUES
('TRAIT_CIVILIZATION_NWEAST_SUPERBUILD2_EXTRA_BUILDING', 'MODIFIER_PLAYER_CITIES_GRANT_CHEAPEST_BUILDING_IN_CITY', 0, 0, 0, NULL, NULL);
INSERT INTO ModifierArguments (ModifierId, Name, Value) VALUES
('TRAIT_CIVILIZATION_NWEAST_SUPERBUILD2_EXTRA_BUILDING', 'Amount', '1');

-- 城市边界扩张速率+20%。
INSERT INTO TraitModifiers (TraitType, ModifierId) VALUES
('TRAIT_CIVILIZATION_NWEAST_SUPERBUILD2', 'TRAIT_CIVILIZATION_NWEAST_SUPERBUILD2_CULTURE_BORDER_EXPANSION');
INSERT INTO Modifiers (ModifierId, ModifierType, RunOnce, Permanent, NewOnly, OwnerRequirementSetId, SubjectRequirementSetId) VALUES
('TRAIT_CIVILIZATION_NWEAST_SUPERBUILD2_CULTURE_BORDER_EXPANSION', 'MODIFIER_NW_EAST_CITIES_CULTURE_BORDER_EXPANSION', 0, 0, 0, NULL, NULL);
INSERT INTO ModifierArguments (ModifierId, Name, Value) VALUES
('TRAIT_CIVILIZATION_NWEAST_SUPERBUILD2_CULTURE_BORDER_EXPANSION', 'Amount', '20');
-- Custom ModifierType
INSERT INTO Types (Type, Kind) VALUES
('MODIFIER_NW_EAST_CITIES_CULTURE_BORDER_EXPANSION', 'KIND_MODIFIER');
INSERT INTO DynamicModifiers (ModifierType, CollectionType, EffectType) VALUES
('MODIFIER_NW_EAST_CITIES_CULTURE_BORDER_EXPANSION', 'COLLECTION_PLAYER_CITIES', 'EFFECT_ADJUST_CITY_CULTURE_BORDER_EXPANSION');
