--	FILE: CIVILIZATION_GUMOON_Civilizations.sql
--  VERSION: 1
--  Author: Nwflower
--  Spicial Thanks: Uni
--	Copyright (c) 2025.
--	All rights reserved.
--  DateCreated: 2025/9/24 19:28:22
--------------------------------------------------------------------------------
--  作者： 千川白浪
--  特别鸣谢： 优妮
------------------------------------------------------------------------------
INSERT INTO Types(Type, Kind)
VALUES ('CIVILIZATION_CIV_DAAIM', 'KIND_CIVILIZATION'),
       ('TRAIT_CIVILIZATION_CIV_DAAIM_ZUNZHE', 'KIND_TRAIT'),
       ('TRAIT_UNIT_NW_250924', 'KIND_TRAIT'),
       ('TRAIT_DISTRICT_NW_250924', 'KIND_TRAIT'),
       ('TRAIT_BUILDING_NW_250924', 'KIND_TRAIT'),
       ('TRAIT_GOVERNOR_GUMOON', 'KIND_TRAIT');

INSERT INTO Civilizations(CivilizationType, Name, Description, Adjective, RandomCityNameDepth,StartingCivilizationLevelType, Ethnicity)
VALUES ('CIVILIZATION_CIV_DAAIM', 'LOC_CIVILIZATION_CIV_DAAIM_NAME', 'LOC_CIVILIZATION_CIV_DAAIM_DESCRIPTION',
        'LOC_CIVILIZATION_CIV_DAAIM_ADJECTIVE', 10, 'CIVILIZATION_LEVEL_FULL_CIV', 'ETHNICITY_MEDIT');

INSERT INTO CivilizationLeaders (CivilizationType, LeaderType, CapitalName)
VALUES ('CIVILIZATION_CIV_DAAIM', 'LEADER_LEADER_GUMOON', 'LOC_CITY_NAME_CIV_DAAIM_1');

INSERT INTO CivilizationInfo(CivilizationType, Header, Caption, SortIndex)
VALUES ('CIVILIZATION_CIV_DAAIM', 'LOC_CIVINFO_LOCATION', 'LOC_CIVINFO_CIV_DAAIM_LOCATION', 10),
       ('CIVILIZATION_CIV_DAAIM', 'LOC_CIVINFO_SIZE', 'LOC_CIVINFO_CIV_DAAIM_SIZE', 20),
       ('CIVILIZATION_CIV_DAAIM', 'LOC_CIVINFO_POPULATION', 'LOC_CIVINFO_CIV_DAAIM_POPULATION', 30),
       ('CIVILIZATION_CIV_DAAIM', 'LOC_CIVINFO_CAPITAL', 'LOC_CIVINFO_CIV_DAAIM_CAPITAL', 40);

INSERT INTO Traits (TraitType, Name, Description)
VALUES ('TRAIT_CIVILIZATION_CIV_DAAIM_ZUNZHE', 'LOC_TRAIT_CIVILIZATION_CIV_DAAIM_ZUNZHE_NAME',
        'LOC_TRAIT_CIVILIZATION_CIV_DAAIM_ZUNZHE_DESCRIPTION');


INSERT INTO Traits (TraitType)
VALUES ('TRAIT_UNIT_NW_250924'),
       ('TRAIT_DISTRICT_NW_250924'),
       ('TRAIT_BUILDING_NW_250924'),
       ('TRAIT_GOVERNOR_GUMOON');

INSERT INTO CivilizationTraits (TraitType, CivilizationType)
VALUES ('TRAIT_CIVILIZATION_CIV_DAAIM_ZUNZHE', 'CIVILIZATION_CIV_DAAIM'),
       ('TRAIT_UNIT_NW_250924', 'CIVILIZATION_CIV_DAAIM'),
       ('TRAIT_DISTRICT_NW_250924', 'CIVILIZATION_CIV_DAAIM'),
       ('TRAIT_BUILDING_NW_250924', 'CIVILIZATION_CIV_DAAIM'),
       ('TRAIT_GOVERNOR_GUMOON', 'CIVILIZATION_CIV_DAAIM');

-- INSERT INTO CivilizationAudioTags(CivilizationType, MusicOverride)
-- VALUES ('TRAIT_CIVILIZATION_CIV_DAAIM_ZUNZHE', 'true');

INSERT INTO CityNames(CivilizationType, CityName)
VALUES ('CIVILIZATION_CIV_DAAIM', 'LOC_CITY_NAME_CIV_DAAIM_1'),
       ('CIVILIZATION_CIV_DAAIM', 'LOC_CITY_NAME_CIV_DAAIM_2'),
       ('CIVILIZATION_CIV_DAAIM', 'LOC_CITY_NAME_CIV_DAAIM_3'),
       ('CIVILIZATION_CIV_DAAIM', 'LOC_CITY_NAME_CIV_DAAIM_4'),
       ('CIVILIZATION_CIV_DAAIM', 'LOC_CITY_NAME_CIV_DAAIM_5'),
       ('CIVILIZATION_CIV_DAAIM', 'LOC_CITY_NAME_CIV_DAAIM_6'),
       ('CIVILIZATION_CIV_DAAIM', 'LOC_CITY_NAME_CIV_DAAIM_7'),
       ('CIVILIZATION_CIV_DAAIM', 'LOC_CITY_NAME_CIV_DAAIM_8'),
       ('CIVILIZATION_CIV_DAAIM', 'LOC_CITY_NAME_CIV_DAAIM_9'),
       ('CIVILIZATION_CIV_DAAIM', 'LOC_CITY_NAME_CIV_DAAIM_10'),
       ('CIVILIZATION_CIV_DAAIM', 'LOC_CITY_NAME_CIV_DAAIM_11'),
       ('CIVILIZATION_CIV_DAAIM', 'LOC_CITY_NAME_CIV_DAAIM_12'),
       ('CIVILIZATION_CIV_DAAIM', 'LOC_CITY_NAME_CIV_DAAIM_13'),
       ('CIVILIZATION_CIV_DAAIM', 'LOC_CITY_NAME_CIV_DAAIM_14'),
       ('CIVILIZATION_CIV_DAAIM', 'LOC_CITY_NAME_CIV_DAAIM_15'),
       ('CIVILIZATION_CIV_DAAIM', 'LOC_CITY_NAME_CIV_DAAIM_16'),
       ('CIVILIZATION_CIV_DAAIM', 'LOC_CITY_NAME_CIV_DAAIM_17'),
       ('CIVILIZATION_CIV_DAAIM', 'LOC_CITY_NAME_CIV_DAAIM_18'),
       ('CIVILIZATION_CIV_DAAIM', 'LOC_CITY_NAME_CIV_DAAIM_19'),
       ('CIVILIZATION_CIV_DAAIM', 'LOC_CITY_NAME_CIV_DAAIM_20'),
       ('CIVILIZATION_CIV_DAAIM', 'LOC_CITY_NAME_CIV_DAAIM_21'),
       ('CIVILIZATION_CIV_DAAIM', 'LOC_CITY_NAME_CIV_DAAIM_22'),
       ('CIVILIZATION_CIV_DAAIM', 'LOC_CITY_NAME_CIV_DAAIM_23'),
       ('CIVILIZATION_CIV_DAAIM', 'LOC_CITY_NAME_CIV_DAAIM_24'),
       ('CIVILIZATION_CIV_DAAIM', 'LOC_CITY_NAME_CIV_DAAIM_25'),
       ('CIVILIZATION_CIV_DAAIM', 'LOC_CITY_NAME_CIV_DAAIM_26'),
       ('CIVILIZATION_CIV_DAAIM', 'LOC_CITY_NAME_CIV_DAAIM_27'),
       ('CIVILIZATION_CIV_DAAIM', 'LOC_CITY_NAME_CIV_DAAIM_28'),
       ('CIVILIZATION_CIV_DAAIM', 'LOC_CITY_NAME_CIV_DAAIM_29'),
       ('CIVILIZATION_CIV_DAAIM', 'LOC_CITY_NAME_CIV_DAAIM_30'),
       ('CIVILIZATION_CIV_DAAIM', 'LOC_CITY_NAME_CIV_DAAIM_31'),
       ('CIVILIZATION_CIV_DAAIM', 'LOC_CITY_NAME_CIV_DAAIM_32'),
       ('CIVILIZATION_CIV_DAAIM', 'LOC_CITY_NAME_CIV_DAAIM_33'),
       ('CIVILIZATION_CIV_DAAIM', 'LOC_CITY_NAME_CIV_DAAIM_34'),
       ('CIVILIZATION_CIV_DAAIM', 'LOC_CITY_NAME_CIV_DAAIM_35'),
       ('CIVILIZATION_CIV_DAAIM', 'LOC_CITY_NAME_CIV_DAAIM_36'),
       ('CIVILIZATION_CIV_DAAIM', 'LOC_CITY_NAME_CIV_DAAIM_37'),
       ('CIVILIZATION_CIV_DAAIM', 'LOC_CITY_NAME_CIV_DAAIM_38'),
       ('CIVILIZATION_CIV_DAAIM', 'LOC_CITY_NAME_CIV_DAAIM_39'),
       ('CIVILIZATION_CIV_DAAIM', 'LOC_CITY_NAME_CIV_DAAIM_40'),
       ('CIVILIZATION_CIV_DAAIM', 'LOC_CITY_NAME_CIV_DAAIM_41'),
       ('CIVILIZATION_CIV_DAAIM', 'LOC_CITY_NAME_CIV_DAAIM_42'),
       ('CIVILIZATION_CIV_DAAIM', 'LOC_CITY_NAME_CIV_DAAIM_43'),
       ('CIVILIZATION_CIV_DAAIM', 'LOC_CITY_NAME_CIV_DAAIM_44'),
       ('CIVILIZATION_CIV_DAAIM', 'LOC_CITY_NAME_CIV_DAAIM_45'),
       ('CIVILIZATION_CIV_DAAIM', 'LOC_CITY_NAME_CIV_DAAIM_46'),
       ('CIVILIZATION_CIV_DAAIM', 'LOC_CITY_NAME_CIV_DAAIM_47'),
       ('CIVILIZATION_CIV_DAAIM', 'LOC_CITY_NAME_CIV_DAAIM_48');
