-- 文德
-- 市中心和每个专业化区域为该城的奇观+4% [ICON_PRODUCTION] 生产力。最多16%。
INSERT INTO TraitModifiers (TraitType, ModifierId) VALUES
('TRAIT_LEADER_LUDWIG', 'MODIFIER_TRAIT_LEADER_LUDWIG_ADD_WONDER_PRODUCTION'),
('TRAIT_LEADER_LUDWIG', 'MODIFIER_TRAIT_LEADER_LUDWIG_ADD_WONDER_PRODUCTION1'),
('TRAIT_LEADER_LUDWIG', 'MODIFIER_TRAIT_LEADER_LUDWIG_ADD_WONDER_PRODUCTION2'),
('TRAIT_LEADER_LUDWIG', 'MODIFIER_TRAIT_LEADER_LUDWIG_ADD_WONDER_PRODUCTION3');
INSERT INTO Modifiers (ModifierId, ModifierType, SubjectRequirementSetId) VALUES
('MODIFIER_TRAIT_LEADER_LUDWIG_ADD_WONDER_PRODUCTION', 'MODIFIER_PLAYER_CITIES_ADJUST_WONDER_PRODUCTION',  NULL),
('MODIFIER_TRAIT_LEADER_LUDWIG_ADD_WONDER_PRODUCTION1', 'MODIFIER_PLAYER_CITIES_ADJUST_WONDER_PRODUCTION',  'REQS_NW_DIS1'),
('MODIFIER_TRAIT_LEADER_LUDWIG_ADD_WONDER_PRODUCTION2', 'MODIFIER_PLAYER_CITIES_ADJUST_WONDER_PRODUCTION',  'REQS_NW_DIS2'),
('MODIFIER_TRAIT_LEADER_LUDWIG_ADD_WONDER_PRODUCTION3', 'MODIFIER_PLAYER_CITIES_ADJUST_WONDER_PRODUCTION',  'REQS_NW_DIS3');
INSERT INTO ModifierArguments (ModifierId, Name, Value) VALUES
('MODIFIER_TRAIT_LEADER_LUDWIG_ADD_WONDER_PRODUCTION', 'Amount', '4'),
('MODIFIER_TRAIT_LEADER_LUDWIG_ADD_WONDER_PRODUCTION1', 'Amount', '4'),
('MODIFIER_TRAIT_LEADER_LUDWIG_ADD_WONDER_PRODUCTION2', 'Amount', '4'),
('MODIFIER_TRAIT_LEADER_LUDWIG_ADD_WONDER_PRODUCTION3', 'Amount', '4');


-- RequirementSets
INSERT INTO RequirementSets (RequirementSetId, RequirementSetType) VALUES
('REQS_NW_DIS1', 'REQUIREMENTSET_TEST_ALL'),
('REQS_NW_DIS2', 'REQUIREMENTSET_TEST_ALL'),
('REQS_NW_DIS3', 'REQUIREMENTSET_TEST_ALL');
INSERT INTO RequirementSetRequirements (RequirementSetId, RequirementId) VALUES
('REQS_NW_DIS1', 'REQ_NW_DIS1'),
('REQS_NW_DIS2', 'REQ_NW_DIS2'),
('REQS_NW_DIS3', 'REQ_NW_DIS3');
-- Requirements
INSERT INTO Requirements (RequirementId, RequirementType) VALUES
('REQ_NW_DIS1', 'REQUIREMENT_CITY_HAS_X_SPECIALTY_DISTRICTS'),
('REQ_NW_DIS2', 'REQUIREMENT_CITY_HAS_X_SPECIALTY_DISTRICTS'),
('REQ_NW_DIS3', 'REQUIREMENT_CITY_HAS_X_SPECIALTY_DISTRICTS');
INSERT INTO RequirementArguments (RequirementId, Name, Value) VALUES
('REQ_NW_DIS1', 'Amount', 1),
('REQ_NW_DIS2', 'Amount', 2),
('REQ_NW_DIS3', 'Amount', 3);

-- 埃塞
-- 单位在丘陵上时+1视野，军事单位额外+3 [ICON_STRENGTH] 战斗力，平民单位+1 [ICON_MOVEMENT] 移动力。

INSERT INTO TraitModifiers (TraitType, ModifierId) VALUES
('TRAIT_LEADER_MENELIK', 'MODIFIER_TRAIT_LEADER_MENELIK_SIGHT');
INSERT INTO Modifiers (ModifierId, ModifierType, RunOnce, Permanent, NewOnly, OwnerRequirementSetId, SubjectRequirementSetId) VALUES
('MODIFIER_TRAIT_LEADER_MENELIK_SIGHT', 'MODIFIER_NW_PLAYER_UNITS_ADJUST_SIGHT', 0, 0, 0, NULL, 'REQS_MODIFIER_TRAIT_LEADER_MENELIK_MOVEMENT');
INSERT INTO ModifierArguments (ModifierId, Name, Value) VALUES
('MODIFIER_TRAIT_LEADER_MENELIK_SIGHT', 'Amount', '1');

-- RequirementSets
INSERT INTO RequirementSets (RequirementSetId, RequirementSetType) VALUES
('REQS_NW_PLOT_IS_HILLS', 'REQUIREMENTSET_TEST_ALL');
INSERT INTO RequirementSetRequirements (RequirementSetId, RequirementId) VALUES
('REQS_NW_PLOT_IS_HILLS', 'REQ_NW_PLOT_IS_HILLS');
-- Requirements
INSERT INTO Requirements (RequirementId, RequirementType) VALUES
('REQ_NW_PLOT_IS_HILLS', 'REQUIREMENT_PLOT_IS_HILLS');

-- Custom ModifierType
INSERT INTO Types (Type, Kind) VALUES
('MODIFIER_NW_PLAYER_UNITS_ADJUST_SIGHT', 'KIND_MODIFIER');
INSERT INTO DynamicModifiers (ModifierType, CollectionType, EffectType) VALUES
('MODIFIER_NW_PLAYER_UNITS_ADJUST_SIGHT', 'COLLECTION_PLAYER_UNITS', 'EFFECT_ADJUST_UNIT_SIGHT');
INSERT INTO TraitModifiers (TraitType, ModifierId) VALUES
('TRAIT_LEADER_MENELIK', 'MODIFIER_TRAIT_LEADER_MENELIK_MOVEMENT');
INSERT INTO Modifiers (ModifierId, ModifierType, RunOnce, Permanent, NewOnly, OwnerRequirementSetId, SubjectRequirementSetId) VALUES
('MODIFIER_TRAIT_LEADER_MENELIK_MOVEMENT', 'MODIFIER_PLAYER_UNITS_ADJUST_MOVEMENT', 0, 0, 0, NULL, 'REQS_MODIFIER_TRAIT_LEADER_MENELIK_MOVEMENT');
INSERT INTO ModifierArguments (ModifierId, Name, Value) VALUES
('MODIFIER_TRAIT_LEADER_MENELIK_MOVEMENT', 'Amount', '1');
-- RequirementSets
INSERT INTO RequirementSets (RequirementSetId, RequirementSetType) VALUES
('REQS_MODIFIER_TRAIT_LEADER_MENELIK_MOVEMENT', 'REQUIREMENTSET_TEST_ALL');
INSERT INTO RequirementSetRequirements (RequirementSetId, RequirementId) VALUES
('REQS_MODIFIER_TRAIT_LEADER_MENELIK_MOVEMENT', 'REQ_NW_PLOT_IS_HILLS'),
('REQS_MODIFIER_TRAIT_LEADER_MENELIK_MOVEMENT', 'REQ_MODIFIER_TRAIT_LEADER_MENELIK_MOVEMENT2');
-- Requirements
INSERT INTO Requirements (RequirementId, RequirementType) VALUES
('REQ_MODIFIER_TRAIT_LEADER_MENELIK_MOVEMENT2', 'REQUIREMENT_UNIT_TAG_MATCHES');
INSERT INTO RequirementArguments (RequirementId, Name, Value) VALUES
('REQ_MODIFIER_TRAIT_LEADER_MENELIK_MOVEMENT2', 'Tag', 'CLASS_LANDCIVILIAN');

-- 格鲁吉亚
UPDATE Buildings SET PrereqTech='TECH_MINING' WHERE BuildingType='BUILDING_TSIKHE';
INSERT INTO TraitModifiers (TraitType, ModifierId) VALUES
('TRAIT_CIVILIZATION_GOLDEN_AGE_QUESTS', 'MODIFIER__TRAIT_CIVILIZATION_GOLDEN_AGE_QUESTS_BUILDING_GRANT');
INSERT INTO Modifiers (ModifierId, ModifierType, RunOnce, Permanent, NewOnly, OwnerRequirementSetId, SubjectRequirementSetId) VALUES
('MODIFIER__TRAIT_CIVILIZATION_GOLDEN_AGE_QUESTS_BUILDING_GRANT', 'MODIFIER_PLAYER_CITIES_GRANT_CHEAPEST_BUILDING_IN_CITY', 0, 0, 0, 'REQS_NW_PLAYER_HAS_CIVIC_DEFENSIVE_TACTICS', NULL);
INSERT INTO ModifierArguments (ModifierId, Name, Value) VALUES
('MODIFIER__TRAIT_CIVILIZATION_GOLDEN_AGE_QUESTS_BUILDING_GRANT', 'Amount', '1');
-- RequirementSets
INSERT INTO RequirementSets (RequirementSetId, RequirementSetType) VALUES
('REQS_NW_PLAYER_HAS_CIVIC_DEFENSIVE_TACTICS', 'REQUIREMENTSET_TEST_ALL');
INSERT INTO RequirementSetRequirements (RequirementSetId, RequirementId) VALUES
('REQS_NW_PLAYER_HAS_CIVIC_DEFENSIVE_TACTICS', 'REQ_NW_PLAYER_HAS_CIVIC_DEFENSIVE_TACTICS');
-- Requirements
INSERT INTO Requirements (RequirementId, RequirementType) VALUES
('REQ_NW_PLAYER_HAS_CIVIC_DEFENSIVE_TACTICS', 'REQUIREMENT_PLAYER_HAS_CIVIC');
INSERT INTO RequirementArguments (RequirementId, Name, Value) VALUES
('REQ_NW_PLAYER_HAS_CIVIC_DEFENSIVE_TACTICS', 'CivicType', 'CIVIC_DEFENSIVE_TACTICS');

-- 科摩罗扩散
UPDATE Units SET BaseSightRange = 2 WHERE UnitType = 'UNIT_ETHIOPIAN_OROMO_CAVALRY';

INSERT INTO TraitModifiers (TraitType, ModifierId) VALUES
('TRAIT_LEADER_MENELIK', 'MODIFIER_TRAIT_LEADER_MENELIK_SIGHT2');
INSERT INTO Modifiers (ModifierId, ModifierType, RunOnce, Permanent, NewOnly, OwnerRequirementSetId, SubjectRequirementSetId) VALUES
('MODIFIER_TRAIT_LEADER_MENELIK_SIGHT2', 'MODIFIER_NW_PLAYER_UNITS_ADJUST_SIGHT', 0, 0, 0, NULL, 'REQS_MODIFIER_TRAIT_LEADER_MENELIK_SIGHT2');
INSERT INTO ModifierArguments (ModifierId, Name, Value) VALUES
('MODIFIER_TRAIT_LEADER_MENELIK_SIGHT2', 'Amount', '1');

-- RequirementSets
INSERT INTO RequirementSets (RequirementSetId, RequirementSetType) VALUES
('REQS_MODIFIER_TRAIT_LEADER_MENELIK_SIGHT2', 'REQUIREMENTSET_TEST_ALL');
INSERT INTO RequirementSetRequirements (RequirementSetId, RequirementId) VALUES
('REQS_MODIFIER_TRAIT_LEADER_MENELIK_SIGHT2', 'REQ_MODIFIER_TRAIT_LEADER_MENELIK_SIGHT2');
-- Requirements
INSERT INTO Requirements (RequirementId, RequirementType) VALUES
('REQ_MODIFIER_TRAIT_LEADER_MENELIK_SIGHT2', 'REQUIREMENT_UNIT_PROMOTION_CLASS_MATCHES');
INSERT INTO RequirementArguments (RequirementId, Name, Value) VALUES
('REQ_MODIFIER_TRAIT_LEADER_MENELIK_SIGHT2', 'UnitPromotionClass', 'PROMOTION_CLASS_LIGHT_CAVALRY');
